day_name,avg_ride_minutes
Sunday,15.85887709
Monday,14.68993267
Tuesday,10.45369626
Wednesday,12.46480722
Thursday,11.95250573
Friday,12.75062202
Saturday,17.54048137
